,rounded_lat,rounded_lng,0
0,25.2,-81.0,2
1,25.5,-80.7,1
2,25.5,-80.4,3
3,25.8,-81.3,6
4,25.8,-81.0,2
5,25.8,-80.7,1
6,25.8,-80.4,1
7,26.1,-81.9,1
8,26.1,-81.6,4
9,26.1,-81.3,3
10,26.1,-81.0,2
11,26.1,-80.7,1
12,26.1,-80.4,1
13,26.1,-80.1,1
14,26.4,-81.6,1
15,26.4,-81.3,1
16,26.4,-80.4,1
17,26.4,-80.1,2
18,26.7,-81.9,4
19,26.7,-81.6,1
20,26.7,-80.7,1
21,26.7,-80.1,3
22,27.0,-82.5,1
23,27.0,-82.2,2
24,27.0,-81.9,3
25,27.0,-81.6,1
26,27.0,-80.4,2
27,27.0,-80.1,1
28,27.3,-82.5,2
29,27.3,-82.2,1
30,27.3,-81.9,1
31,27.3,-81.3,1
32,27.3,-81.0,2
33,27.3,-80.7,1
34,27.6,-82.5,2
35,27.6,-80.7,1
36,27.9,-82.5,1
37,27.9,-82.2,1
38,27.9,-81.9,7
39,27.9,-81.6,1
40,27.9,-81.3,2
41,27.9,-81.0,1
42,27.9,-80.7,1
43,28.2,-82.8,3
44,28.2,-82.5,3
45,28.2,-82.2,1
46,28.2,-81.6,1
47,28.2,-81.3,1
48,28.2,-81.0,3
49,28.2,-80.7,2
50,28.5,-82.5,4
51,28.5,-82.2,4
52,28.5,-81.9,5
53,28.5,-81.6,1
54,28.5,-81.3,1
55,28.5,-81.0,8
56,28.5,-80.7,1
57,28.8,-97.2,1
58,28.8,-96.0,1
59,28.8,-82.5,3
60,28.8,-82.2,2
61,28.8,-81.9,4
62,28.8,-81.6,5
63,28.8,-81.3,3
64,28.8,-81.0,1
65,28.8,-80.7,1
66,29.1,-100.5,1
67,29.1,-96.6,1
68,29.1,-96.3,1
69,29.1,-96.0,1
70,29.1,-95.4,1
71,29.1,-83.1,1
72,29.1,-82.8,3
73,29.1,-82.5,3
74,29.1,-82.2,1
75,29.1,-81.9,9
76,29.1,-81.6,8
77,29.1,-81.3,3
78,29.1,-81.0,2
79,29.4,-98.7,1
80,29.4,-98.1,1
81,29.4,-97.8,2
82,29.4,-97.5,1
83,29.4,-96.3,1
84,29.4,-90.6,1
85,29.4,-82.8,4
86,29.4,-82.5,3
87,29.4,-81.9,3
88,29.4,-81.6,3
89,29.4,-81.0,6
90,29.7,-98.7,1
91,29.7,-98.1,2
92,29.7,-85.2,1
93,29.7,-83.1,1
94,29.7,-82.8,1
95,29.7,-82.5,3
96,29.7,-82.2,2
97,29.7,-81.9,2
98,29.7,-81.6,2
99,29.7,-81.3,1
100,30.0,-95.4,1
101,30.0,-94.8,4
102,30.0,-93.9,1
103,30.0,-85.5,1
104,30.0,-85.2,1
105,30.0,-84.0,1
106,30.0,-83.4,1
107,30.0,-83.1,1
108,30.0,-82.5,1
109,30.0,-81.9,17
110,30.0,-81.6,1
111,30.0,-81.3,3
112,30.3,-98.1,1
113,30.3,-96.6,1
114,30.3,-95.7,1
115,30.3,-95.4,3
116,30.3,-95.1,4
117,30.3,-94.8,3
118,30.3,-93.9,3
119,30.3,-92.7,1
120,30.3,-90.9,1
121,30.3,-89.7,1
122,30.3,-88.8,1
123,30.3,-85.8,1
124,30.3,-85.5,2
125,30.3,-84.0,1
126,30.3,-82.8,3
127,30.3,-82.2,1
128,30.3,-81.9,2
129,30.3,-81.6,3
130,30.3,-81.3,1
131,30.6,-100.5,1
132,30.6,-96.6,1
133,30.6,-96.3,1
134,30.6,-95.7,5
135,30.6,-95.4,3
136,30.6,-95.1,3
137,30.6,-94.8,3
138,30.6,-94.5,1
139,30.6,-93.9,1
140,30.6,-93.6,1
141,30.6,-91.8,1
142,30.6,-90.9,1
143,30.6,-90.6,1
144,30.6,-89.7,1
145,30.6,-88.2,1
146,30.6,-87.9,1
147,30.6,-86.7,3
148,30.6,-86.4,2
149,30.6,-85.5,2
150,30.6,-85.2,1
151,30.6,-84.9,1
152,30.6,-84.6,2
153,30.6,-84.3,1
154,30.6,-83.7,1
155,30.6,-83.4,2
156,30.6,-81.9,1
157,30.6,-81.3,1
158,30.9,-103.8,1
159,30.9,-95.7,2
160,30.9,-94.5,2
161,30.9,-93.9,1
162,30.9,-93.6,2
163,30.9,-92.7,1
164,30.9,-91.2,1
165,30.9,-89.7,1
166,30.9,-89.1,1
167,30.9,-87.3,2
168,30.9,-87.0,3
169,30.9,-86.7,1
170,30.9,-86.1,2
171,30.9,-85.8,2
172,30.9,-85.5,1
173,30.9,-85.2,1
174,30.9,-84.9,1
175,30.9,-82.5,1
176,31.2,-102.6,1
177,31.2,-102.3,1
178,31.2,-98.1,1
179,31.2,-95.7,1
180,31.2,-95.1,1
181,31.2,-94.8,1
182,31.2,-94.5,1
183,31.2,-94.2,2
184,31.2,-93.3,2
185,31.2,-92.4,2
186,31.2,-91.8,1
187,31.2,-90.6,1
188,31.2,-88.2,1
189,31.2,-87.6,1
190,31.2,-87.0,2
191,31.2,-86.4,2
192,31.2,-85.5,1
193,31.2,-85.2,1
194,31.2,-84.0,1
195,31.2,-83.7,1
196,31.2,-83.4,1
197,31.2,-83.1,2
198,31.2,-82.8,2
199,31.2,-82.2,1
200,31.2,-81.3,1
201,31.5,-110.1,1
202,31.5,-100.5,2
203,31.5,-98.4,1
204,31.5,-97.5,1
205,31.5,-95.7,2
206,31.5,-95.4,2
207,31.5,-95.1,1
208,31.5,-93.9,1
209,31.5,-93.6,1
210,31.5,-93.0,1
211,31.5,-92.4,7
212,31.5,-91.2,1
213,31.5,-88.2,1
214,31.5,-87.9,1
215,31.5,-85.8,2
216,31.5,-84.3,1
217,31.5,-84.0,1
218,31.5,-81.6,2
219,31.8,-100.5,1
220,31.8,-96.3,1
221,31.8,-96.0,1
222,31.8,-95.7,1
223,31.8,-95.4,1
224,31.8,-95.1,1
225,31.8,-94.8,1
226,31.8,-94.5,1
227,31.8,-92.4,2
228,31.8,-87.6,1
229,31.8,-85.8,1
230,31.8,-85.5,1
231,31.8,-85.2,1
232,31.8,-84.6,1
233,31.8,-83.7,1
234,31.8,-81.9,1
235,31.8,-81.6,1
236,32.1,-110.1,1
237,32.1,-101.4,1
238,32.1,-98.1,1
239,32.1,-97.5,3
240,32.1,-95.7,1
241,32.1,-95.4,2
242,32.1,-95.1,2
243,32.1,-94.8,1
244,32.1,-94.5,1
245,32.1,-94.2,3
246,32.1,-93.0,1
247,32.1,-91.2,1
248,32.1,-88.8,4
249,32.1,-87.3,1
250,32.1,-86.7,1
251,32.1,-84.9,1
252,32.1,-84.3,1
253,32.1,-84.0,1
254,32.1,-81.9,1
255,32.1,-81.6,1
256,32.1,-81.3,2
257,32.1,-81.0,1
258,32.4,-109.5,1
259,32.4,-98.7,1
260,32.4,-98.1,1
261,32.4,-97.8,1
262,32.4,-96.9,1
263,32.4,-96.6,1
264,32.4,-95.4,2
265,32.4,-95.1,1
266,32.4,-94.8,5
267,32.4,-93.3,2
268,32.4,-90.3,1
269,32.4,-88.8,3
270,32.4,-87.3,1
271,32.4,-86.7,1
272,32.4,-86.4,1
273,32.4,-85.8,1
274,32.4,-85.2,1
275,32.4,-83.1,1
276,32.4,-82.2,3
277,32.4,-81.0,1
278,32.7,-117.3,1
279,32.7,-110.1,3
280,32.7,-109.8,2
281,32.7,-98.4,3
282,32.7,-98.1,2
283,32.7,-97.8,2
284,32.7,-97.5,3
285,32.7,-95.7,2
286,32.7,-95.4,1
287,32.7,-94.8,1
288,32.7,-94.5,3
289,32.7,-94.2,4
290,32.7,-93.9,1
291,32.7,-92.4,1
292,32.7,-86.4,1
293,32.7,-85.5,1
294,32.7,-85.2,2
295,32.7,-84.3,1
296,32.7,-82.2,1
297,32.7,-80.7,1
298,33.0,-112.8,1
299,33.0,-98.4,1
300,33.0,-96.0,1
301,33.0,-95.4,1
302,33.0,-94.8,1
303,33.0,-94.5,2
304,33.0,-94.2,2
305,33.0,-93.9,1
306,33.0,-93.6,1
307,33.0,-92.7,1
308,33.0,-92.4,1
309,33.0,-89.7,1
310,33.0,-88.2,2
311,33.0,-87.0,1
312,33.0,-86.1,2
313,33.0,-85.5,1
314,33.0,-84.9,1
315,33.0,-83.7,2
316,33.0,-81.6,1
317,33.0,-80.7,1
318,33.0,-80.4,2
319,33.0,-80.1,1
320,33.0,-79.8,1
321,33.3,-117.0,1
322,33.3,-112.5,1
323,33.3,-105.9,1
324,33.3,-105.6,3
325,33.3,-99.3,1
326,33.3,-98.4,3
327,33.3,-97.8,1
328,33.3,-96.9,2
329,33.3,-96.0,1
330,33.3,-95.7,3
331,33.3,-95.4,1
332,33.3,-95.1,2
333,33.3,-94.5,1
334,33.3,-94.2,4
335,33.3,-93.9,4
336,33.3,-92.7,1
337,33.3,-91.5,1
338,33.3,-91.2,1
339,33.3,-88.2,1
340,33.3,-87.6,1
341,33.3,-87.3,4
342,33.3,-86.7,1
343,33.3,-86.1,1
344,33.3,-85.8,1
345,33.3,-85.5,1
346,33.3,-85.2,1
347,33.3,-84.6,1
348,33.3,-84.3,1
349,33.3,-84.0,1
350,33.3,-82.2,2
351,33.3,-81.3,1
352,33.6,-116.7,1
353,33.6,-109.2,1
354,33.6,-101.4,1
355,33.6,-100.8,1
356,33.6,-98.1,1
357,33.6,-96.9,3
358,33.6,-96.3,1
359,33.6,-96.0,2
360,33.6,-95.7,1
361,33.6,-95.4,1
362,33.6,-95.1,2
363,33.6,-90.9,1
364,33.6,-88.5,1
365,33.6,-87.0,1
366,33.6,-86.4,3
367,33.6,-85.8,2
368,33.6,-85.5,1
369,33.6,-84.9,2
370,33.6,-84.6,2
371,33.6,-83.7,1
372,33.6,-78.9,1
373,33.6,-78.3,1
374,33.9,-117.0,1
375,33.9,-116.7,2
376,33.9,-116.4,1
377,33.9,-111.6,1
378,33.9,-111.0,1
379,33.9,-110.4,2
380,33.9,-110.1,1
381,33.9,-109.8,1
382,33.9,-109.5,1
383,33.9,-97.2,2
384,33.9,-96.9,3
385,33.9,-96.6,1
386,33.9,-96.0,1
387,33.9,-95.7,2
388,33.9,-95.1,1
389,33.9,-94.5,1
390,33.9,-94.2,1
391,33.9,-93.3,1
392,33.9,-92.1,1
393,33.9,-91.2,1
394,33.9,-87.6,3
395,33.9,-87.3,1
396,33.9,-87.0,1
397,33.9,-86.7,2
398,33.9,-85.8,1
399,33.9,-85.5,3
400,33.9,-85.2,2
401,33.9,-84.9,8
402,33.9,-84.6,1
403,33.9,-84.3,1
404,33.9,-82.5,1
405,33.9,-80.7,1
406,34.2,-118.2,1
407,34.2,-117.9,1
408,34.2,-117.3,2
409,34.2,-116.7,1
410,34.2,-111.0,4
411,34.2,-110.7,1
412,34.2,-110.1,3
413,34.2,-109.5,1
414,34.2,-96.6,1
415,34.2,-96.3,2
416,34.2,-95.7,1
417,34.2,-94.2,1
418,34.2,-93.3,2
419,34.2,-93.0,2
420,34.2,-92.7,1
421,34.2,-89.7,1
422,34.2,-87.0,1
423,34.2,-86.7,1
424,34.2,-86.4,1
425,34.2,-86.1,1
426,34.2,-85.2,5
427,34.2,-84.9,1
428,34.2,-84.6,6
429,34.2,-82.8,1
430,34.2,-79.2,1
431,34.5,-120.0,1
432,34.5,-119.4,1
433,34.5,-118.5,1
434,34.5,-113.4,1
435,34.5,-112.5,2
436,34.5,-111.6,2
437,34.5,-111.3,4
438,34.5,-111.0,4
439,34.5,-109.5,1
440,34.5,-99.0,1
441,34.5,-98.7,1
442,34.5,-96.9,1
443,34.5,-95.1,2
444,34.5,-94.8,6
445,34.5,-94.5,6
446,34.5,-94.2,1
447,34.5,-93.3,1
448,34.5,-93.0,1
449,34.5,-92.7,3
450,34.5,-92.4,2
451,34.5,-92.1,1
452,34.5,-88.2,1
453,34.5,-86.7,4
454,34.5,-85.8,1
455,34.5,-85.5,1
456,34.5,-85.2,2
457,34.5,-84.6,2
458,34.5,-84.3,1
459,34.5,-84.0,1
460,34.5,-83.7,3
461,34.5,-83.4,1
462,34.5,-82.8,1
463,34.5,-82.5,2
464,34.5,-81.6,1
465,34.5,-81.3,1
466,34.5,-80.4,1
467,34.5,-80.1,1
468,34.5,-79.2,1
469,34.5,-77.7,1
470,34.5,-77.4,2
471,34.5,-77.1,1
472,34.8,-120.0,1
473,34.8,-118.5,2
474,34.8,-112.2,1
475,34.8,-111.9,1
476,34.8,-111.6,1
477,34.8,-110.7,1
478,34.8,-101.7,1
479,34.8,-99.9,1
480,34.8,-98.7,1
481,34.8,-96.6,1
482,34.8,-95.7,1
483,34.8,-95.4,1
484,34.8,-95.1,2
485,34.8,-94.8,6
486,34.8,-94.5,2
487,34.8,-92.7,1
488,34.8,-92.4,4
489,34.8,-92.1,1
490,34.8,-91.8,1
491,34.8,-91.2,1
492,34.8,-88.2,1
493,34.8,-87.9,2
494,34.8,-87.6,1
495,34.8,-87.0,4
496,34.8,-86.7,1
497,34.8,-86.4,1
498,34.8,-85.5,2
499,34.8,-85.2,2
500,34.8,-84.6,3
501,34.8,-84.3,2
502,34.8,-84.0,2
503,34.8,-83.7,9
504,34.8,-83.4,3
505,34.8,-83.1,2
506,34.8,-78.0,1
507,34.8,-77.7,1
508,34.8,-77.4,1
509,34.8,-77.1,1
510,35.1,-118.5,1
511,35.1,-118.2,1
512,35.1,-111.9,1
513,35.1,-111.6,3
514,35.1,-99.0,1
515,35.1,-98.4,2
516,35.1,-98.1,1
517,35.1,-97.5,1
518,35.1,-97.2,1
519,35.1,-95.4,1
520,35.1,-94.8,1
521,35.1,-94.5,1
522,35.1,-94.2,1
523,35.1,-93.6,1
524,35.1,-93.3,1
525,35.1,-92.1,1
526,35.1,-90.9,1
527,35.1,-90.3,2
528,35.1,-90.0,1
529,35.1,-89.4,1
530,35.1,-87.3,2
531,35.1,-87.0,1
532,35.1,-86.4,3
533,35.1,-85.8,1
534,35.1,-84.9,1
535,35.1,-84.6,1
536,35.1,-84.3,1
537,35.1,-83.4,1
538,35.1,-83.1,2
539,35.1,-82.8,1
540,35.1,-81.9,1
541,35.1,-81.6,1
542,35.1,-81.3,1
543,35.1,-80.4,1
544,35.1,-79.8,1
545,35.1,-79.2,2
546,35.1,-78.6,1
547,35.4,-119.1,1
548,35.4,-118.5,1
549,35.4,-118.2,1
550,35.4,-111.6,3
551,35.4,-108.3,1
552,35.4,-105.3,1
553,35.4,-99.3,1
554,35.4,-98.7,1
555,35.4,-98.1,1
556,35.4,-97.2,2
557,35.4,-96.6,1
558,35.4,-96.0,3
559,35.4,-94.8,1
560,35.4,-94.2,1
561,35.4,-93.9,1
562,35.4,-93.3,1
563,35.4,-93.0,1
564,35.4,-91.5,3
565,35.4,-90.0,1
566,35.4,-89.7,2
567,35.4,-89.4,1
568,35.4,-87.9,1
569,35.4,-87.3,1
570,35.4,-85.2,1
571,35.4,-84.9,1
572,35.4,-84.3,1
573,35.4,-84.0,2
574,35.4,-83.7,1
575,35.4,-83.4,2
576,35.4,-82.5,3
577,35.4,-82.2,1
578,35.4,-80.7,1
579,35.4,-80.1,5
580,35.4,-79.8,1
581,35.4,-78.3,1
582,35.4,-77.7,1
583,35.7,-121.2,1
584,35.7,-120.6,1
585,35.7,-118.5,4
586,35.7,-117.9,1
587,35.7,-111.9,1
588,35.7,-108.9,1
589,35.7,-108.0,1
590,35.7,-99.9,1
591,35.7,-97.5,2
592,35.7,-96.9,1
593,35.7,-95.7,2
594,35.7,-95.1,1
595,35.7,-93.0,1
596,35.7,-92.4,1
597,35.7,-91.5,3
598,35.7,-88.2,1
599,35.7,-87.3,1
600,35.7,-86.7,1
601,35.7,-84.0,1
602,35.7,-83.4,3
603,35.7,-82.8,1
604,35.7,-82.5,1
605,35.7,-82.2,3
606,35.7,-81.9,2
607,35.7,-81.6,1
608,35.7,-81.3,1
609,35.7,-80.4,1
610,35.7,-79.8,1
611,36.0,-118.8,2
612,36.0,-118.5,3
613,36.0,-118.2,2
614,36.0,-109.5,1
615,36.0,-109.2,1
616,36.0,-108.9,4
617,36.0,-107.1,1
618,36.0,-106.8,1
619,36.0,-100.8,1
620,36.0,-100.5,1
621,36.0,-97.2,1
622,36.0,-96.9,2
623,36.0,-96.3,1
624,36.0,-95.7,1
625,36.0,-94.8,1
626,36.0,-93.9,2
627,36.0,-92.4,1
628,36.0,-90.6,1
629,36.0,-90.0,1
630,36.0,-89.7,1
631,36.0,-89.4,1
632,36.0,-89.1,1
633,36.0,-88.8,2
634,36.0,-87.6,1
635,36.0,-87.3,2
636,36.0,-87.0,1
637,36.0,-86.4,2
638,36.0,-86.1,1
639,36.0,-84.9,1
640,36.0,-83.4,1
641,36.0,-82.8,1
642,36.0,-82.2,2
643,36.0,-81.9,3
644,36.0,-81.6,1
645,36.0,-81.0,1
646,36.0,-80.7,4
647,36.0,-80.1,2
648,36.0,-78.0,1
649,36.0,-76.8,1
650,36.3,-121.8,1
651,36.3,-121.5,1
652,36.3,-118.8,1
653,36.3,-118.2,2
654,36.3,-112.2,1
655,36.3,-111.9,1
656,36.3,-109.2,4
657,36.3,-107.1,1
658,36.3,-105.6,1
659,36.3,-95.7,1
660,36.3,-95.1,1
661,36.3,-94.8,2
662,36.3,-94.5,1
663,36.3,-94.2,2
664,36.3,-93.9,3
665,36.3,-93.6,1
666,36.3,-93.0,2
667,36.3,-92.7,2
668,36.3,-92.4,5
669,36.3,-91.8,1
670,36.3,-91.5,1
671,36.3,-91.2,2
672,36.3,-89.4,1
673,36.3,-87.0,1
674,36.3,-86.7,1
675,36.3,-86.1,1
676,36.3,-84.9,1
677,36.3,-84.6,1
678,36.3,-84.3,1
679,36.3,-84.0,1
680,36.3,-83.7,1
681,36.3,-83.1,2
682,36.3,-82.5,1
683,36.3,-82.2,1
684,36.3,-81.6,1
685,36.3,-81.3,2
686,36.3,-80.4,1
687,36.3,-78.9,2
688,36.3,-78.0,1
689,36.3,-76.2,1
690,36.6,-118.5,2
691,36.6,-112.2,2
692,36.6,-109.2,1
693,36.6,-107.7,1
694,36.6,-107.4,1
695,36.6,-105.9,1
696,36.6,-105.3,1
697,36.6,-96.0,1
698,36.6,-94.5,1
699,36.6,-94.2,1
700,36.6,-93.6,3
701,36.6,-93.3,4
702,36.6,-92.4,1
703,36.6,-92.1,1
704,36.6,-91.2,1
705,36.6,-90.9,1
706,36.6,-90.3,1
707,36.6,-86.4,2
708,36.6,-84.3,1
709,36.6,-84.0,2
710,36.6,-81.6,2
711,36.6,-81.0,1
712,36.6,-80.4,2
713,36.6,-79.5,1
714,36.6,-79.2,1
715,36.6,-78.6,1
716,36.6,-76.5,1
717,36.6,-76.2,1
718,36.9,-121.8,1
719,36.9,-120.3,1
720,36.9,-119.1,1
721,36.9,-118.2,1
722,36.9,-108.9,1
723,36.9,-107.1,2
724,36.9,-106.8,1
725,36.9,-104.4,1
726,36.9,-95.7,1
727,36.9,-95.1,1
728,36.9,-94.5,1
729,36.9,-93.9,1
730,36.9,-92.7,1
731,36.9,-92.4,1
732,36.9,-92.1,3
733,36.9,-90.0,1
734,36.9,-89.1,1
735,36.9,-88.5,1
736,36.9,-88.2,1
737,36.9,-87.9,2
738,36.9,-87.0,1
739,36.9,-86.7,1
740,36.9,-86.1,1
741,36.9,-84.0,1
742,36.9,-83.7,2
743,36.9,-83.4,1
744,36.9,-83.1,2
745,36.9,-82.8,1
746,36.9,-82.5,1
747,36.9,-81.9,1
748,36.9,-81.0,2
749,36.9,-80.4,2
750,36.9,-80.1,1
751,36.9,-79.8,2
752,36.9,-78.0,4
753,36.9,-75.9,1
754,37.2,-121.8,1
755,37.2,-119.1,8
756,37.2,-118.8,2
757,37.2,-118.5,1
758,37.2,-113.7,1
759,37.2,-108.3,1
760,37.2,-107.4,1
761,37.2,-107.1,1
762,37.2,-106.5,5
763,37.2,-106.2,1
764,37.2,-104.4,1
765,37.2,-97.2,2
766,37.2,-95.7,1
767,37.2,-95.1,1
768,37.2,-94.5,1
769,37.2,-93.9,1
770,37.2,-93.6,3
771,37.2,-93.3,1
772,37.2,-93.0,1
773,37.2,-92.1,1
774,37.2,-91.2,1
775,37.2,-90.9,2
776,37.2,-90.6,1
777,37.2,-89.7,2
778,37.2,-89.4,2
779,37.2,-89.1,2
780,37.2,-88.8,3
781,37.2,-87.9,1
782,37.2,-87.6,2
783,37.2,-87.3,1
784,37.2,-87.0,1
785,37.2,-86.1,1
786,37.2,-84.9,1
787,37.2,-84.3,1
788,37.2,-84.0,2
789,37.2,-83.4,1
790,37.2,-83.1,1
791,37.2,-82.8,3
792,37.2,-82.2,1
793,37.2,-81.6,1
794,37.2,-81.0,2
795,37.2,-80.7,1
796,37.2,-80.4,1
797,37.2,-80.1,1
798,37.2,-79.8,2
799,37.2,-78.3,1
800,37.2,-77.4,1
801,37.2,-76.8,1
802,37.5,-121.5,1
803,37.5,-121.2,1
804,37.5,-120.0,1
805,37.5,-119.7,1
806,37.5,-119.1,3
807,37.5,-118.8,1
808,37.5,-108.3,1
809,37.5,-108.0,1
810,37.5,-107.4,1
811,37.5,-106.5,1
812,37.5,-105.6,2
813,37.5,-105.3,1
814,37.5,-98.4,1
815,37.5,-98.1,1
816,37.5,-97.5,4
817,37.5,-95.4,1
818,37.5,-94.8,1
819,37.5,-93.9,1
820,37.5,-93.3,1
821,37.5,-92.4,1
822,37.5,-92.1,2
823,37.5,-91.5,1
824,37.5,-91.2,1
825,37.5,-90.3,2
826,37.5,-89.1,2
827,37.5,-88.8,2
828,37.5,-88.5,3
829,37.5,-88.2,1
830,37.5,-87.3,1
831,37.5,-87.0,1
832,37.5,-86.4,1
833,37.5,-86.1,2
834,37.5,-85.2,1
835,37.5,-84.6,1
836,37.5,-84.3,2
837,37.5,-84.0,1
838,37.5,-83.4,2
839,37.5,-82.5,3
840,37.5,-81.9,1
841,37.5,-81.6,1
842,37.5,-81.3,2
843,37.5,-80.7,2
844,37.5,-80.4,1
845,37.5,-80.1,2
846,37.5,-79.8,1
847,37.5,-79.5,3
848,37.5,-79.2,1
849,37.5,-77.7,1
850,37.8,-120.0,2
851,37.8,-119.4,3
852,37.8,-119.1,5
853,37.8,-118.5,1
854,37.8,-118.2,1
855,37.8,-111.3,1
856,37.8,-109.2,1
857,37.8,-108.0,1
858,37.8,-107.7,3
859,37.8,-107.1,1
860,37.8,-97.5,1
861,37.8,-95.4,1
862,37.8,-95.1,1
863,37.8,-94.8,1
864,37.8,-94.5,2
865,37.8,-94.2,2
866,37.8,-93.9,1
867,37.8,-93.6,2
868,37.8,-92.1,2
869,37.8,-91.5,1
870,37.8,-91.2,1
871,37.8,-90.9,2
872,37.8,-90.0,1
873,37.8,-89.4,6
874,37.8,-89.1,3
875,37.8,-88.8,2
876,37.8,-88.5,1
877,37.8,-87.9,1
878,37.8,-87.0,2
879,37.8,-85.8,1
880,37.8,-85.5,1
881,37.8,-84.3,1
882,37.8,-84.0,1
883,37.8,-83.7,4
884,37.8,-83.1,1
885,37.8,-82.8,2
886,37.8,-82.5,1
887,37.8,-81.9,1
888,37.8,-81.0,4
889,37.8,-80.7,2
890,37.8,-76.8,1
891,37.8,-75.6,1
892,38.1,-120.3,9
893,38.1,-120.0,16
894,38.1,-119.7,1
895,38.1,-119.4,2
896,38.1,-119.1,1
897,38.1,-112.5,1
898,38.1,-112.2,1
899,38.1,-105.0,1
900,38.1,-97.5,2
901,38.1,-93.9,1
902,38.1,-93.6,1
903,38.1,-93.0,1
904,38.1,-92.7,1
905,38.1,-92.4,1
906,38.1,-91.5,2
907,38.1,-91.2,3
908,38.1,-90.9,1
909,38.1,-90.6,2
910,38.1,-90.3,1
911,38.1,-90.0,1
912,38.1,-89.4,2
913,38.1,-89.1,1
914,38.1,-88.8,1
915,38.1,-87.3,2
916,38.1,-86.7,1
917,38.1,-86.1,1
918,38.1,-85.8,1
919,38.1,-85.5,1
920,38.1,-84.9,4
921,38.1,-83.4,1
922,38.1,-82.8,5
923,38.1,-82.5,4
924,38.1,-82.2,1
925,38.1,-81.6,2
926,38.1,-81.0,2
927,38.1,-80.7,1
928,38.1,-80.4,1
929,38.1,-80.1,4
930,38.1,-79.8,1
931,38.1,-78.9,1
932,38.1,-78.0,1
933,38.1,-77.1,1
934,38.4,-123.3,1
935,38.4,-122.7,2
936,38.4,-121.8,1
937,38.4,-120.9,1
938,38.4,-120.6,2
939,38.4,-120.3,3
940,38.4,-120.0,6
941,38.4,-119.7,7
942,38.4,-119.4,2
943,38.4,-108.0,1
944,38.4,-107.7,1
945,38.4,-105.0,2
946,38.4,-97.5,1
947,38.4,-95.7,1
948,38.4,-94.2,2
949,38.4,-93.9,1
950,38.4,-92.7,1
951,38.4,-92.4,1
952,38.4,-91.5,2
953,38.4,-90.6,3
954,38.4,-90.3,1
955,38.4,-89.7,2
956,38.4,-89.4,1
957,38.4,-88.8,1
958,38.4,-88.2,1
959,38.4,-87.9,2
960,38.4,-86.1,3
961,38.4,-84.9,2
962,38.4,-84.6,1
963,38.4,-84.0,1
964,38.4,-83.7,1
965,38.4,-83.4,2
966,38.4,-82.8,4
967,38.4,-82.5,6
968,38.4,-82.2,2
969,38.4,-81.6,1
970,38.4,-80.7,2
971,38.4,-80.4,3
972,38.4,-80.1,1
973,38.4,-79.8,1
974,38.4,-79.5,1
975,38.4,-79.2,3
976,38.4,-78.9,1
977,38.4,-78.6,2
978,38.4,-77.4,2
979,38.7,-123.0,1
980,38.7,-122.7,1
981,38.7,-120.6,3
982,38.7,-120.3,2
983,38.7,-120.0,2
984,38.7,-119.7,2
985,38.7,-111.6,1
986,38.7,-106.5,1
987,38.7,-106.2,2
988,38.7,-105.9,1
989,38.7,-105.3,2
990,38.7,-105.0,6
991,38.7,-96.3,1
992,38.7,-95.7,1
993,38.7,-94.8,1
994,38.7,-94.5,1
995,38.7,-94.2,3
996,38.7,-92.7,1
997,38.7,-92.1,2
998,38.7,-90.6,3
999,38.7,-90.0,5
1000,38.7,-89.7,1
1001,38.7,-89.4,1
1002,38.7,-89.1,1
1003,38.7,-87.6,2
1004,38.7,-86.4,1
1005,38.7,-85.8,1
1006,38.7,-84.9,1
1007,38.7,-84.6,1
1008,38.7,-83.7,2
1009,38.7,-83.4,3
1010,38.7,-83.1,5
1011,38.7,-82.8,2
1012,38.7,-82.5,2
1013,38.7,-82.2,1
1014,38.7,-81.6,1
1015,38.7,-81.0,1
1016,38.7,-80.1,1
1017,38.7,-79.8,3
1018,38.7,-79.5,6
1019,38.7,-79.2,5
1020,38.7,-78.3,1
1021,38.7,-77.4,1
1022,38.7,-77.1,2
1023,38.7,-76.5,1
1024,38.7,-75.9,1
1025,38.7,-75.3,2
1026,39.0,-123.3,1
1027,39.0,-121.5,1
1028,39.0,-121.2,1
1029,39.0,-120.9,3
1030,39.0,-120.6,4
1031,39.0,-120.3,4
1032,39.0,-120.0,9
1033,39.0,-119.7,1
1034,39.0,-108.0,1
1035,39.0,-107.7,2
1036,39.0,-107.1,1
1037,39.0,-106.8,1
1038,39.0,-106.5,2
1039,39.0,-105.6,1
1040,39.0,-105.3,4
1041,39.0,-105.0,4
1042,39.0,-99.3,1
1043,39.0,-96.9,2
1044,39.0,-96.3,1
1045,39.0,-95.7,2
1046,39.0,-95.4,2
1047,39.0,-94.2,4
1048,39.0,-92.4,2
1049,39.0,-91.5,1
1050,39.0,-90.6,1
1051,39.0,-90.3,3
1052,39.0,-90.0,3
1053,39.0,-89.7,4
1054,39.0,-89.4,1
1055,39.0,-89.1,2
1056,39.0,-87.9,4
1057,39.0,-86.7,1
1058,39.0,-86.4,2
1059,39.0,-84.9,2
1060,39.0,-84.6,1
1061,39.0,-84.3,1
1062,39.0,-84.0,3
1063,39.0,-83.4,2
1064,39.0,-83.1,3
1065,39.0,-82.8,1
1066,39.0,-82.5,1
1067,39.0,-82.2,1
1068,39.0,-81.9,1
1069,39.0,-80.4,1
1070,39.0,-80.1,3
1071,39.0,-79.8,1
1072,39.0,-79.5,7
1073,39.0,-79.2,3
1074,39.0,-78.6,2
1075,39.0,-78.3,1
1076,39.0,-78.0,2
1077,39.0,-77.7,1
1078,39.0,-77.4,1
1079,39.0,-76.8,2
1080,39.0,-76.5,1
1081,39.0,-75.3,1
1082,39.3,-123.9,2
1083,39.3,-123.3,1
1084,39.3,-121.5,1
1085,39.3,-121.2,1
1086,39.3,-120.9,5
1087,39.3,-120.6,1
1088,39.3,-120.3,3
1089,39.3,-119.7,1
1090,39.3,-108.0,1
1091,39.3,-107.1,2
1092,39.3,-106.5,4
1093,39.3,-106.2,6
1094,39.3,-105.9,3
1095,39.3,-105.6,1
1096,39.3,-105.3,2
1097,39.3,-105.0,3
1098,39.3,-95.7,1
1099,39.3,-95.4,1
1100,39.3,-94.8,1
1101,39.3,-94.5,2
1102,39.3,-94.2,1
1103,39.3,-91.2,3
1104,39.3,-90.6,2
1105,39.3,-90.0,6
1106,39.3,-89.4,1
1107,39.3,-88.5,1
1108,39.3,-87.6,1
1109,39.3,-86.4,3
1110,39.3,-86.1,2
1111,39.3,-85.8,1
1112,39.3,-85.5,1
1113,39.3,-84.9,3
1114,39.3,-83.4,1
1115,39.3,-83.1,1
1116,39.3,-82.5,3
1117,39.3,-82.2,2
1118,39.3,-81.9,1
1119,39.3,-81.6,3
1120,39.3,-81.3,2
1121,39.3,-81.0,1
1122,39.3,-80.1,1
1123,39.3,-78.9,2
1124,39.3,-77.4,1
1125,39.3,-74.7,1
1126,39.6,-123.6,2
1127,39.6,-123.3,1
1128,39.6,-121.5,2
1129,39.6,-121.2,2
1130,39.6,-120.9,1
1131,39.6,-120.3,1
1132,39.6,-120.0,1
1133,39.6,-119.7,2
1134,39.6,-111.3,2
1135,39.6,-111.0,1
1136,39.6,-106.8,1
1137,39.6,-106.5,2
1138,39.6,-106.2,1
1139,39.6,-105.9,1
1140,39.6,-105.3,1
1141,39.6,-97.2,1
1142,39.6,-94.5,1
1143,39.6,-90.6,1
1144,39.6,-90.3,4
1145,39.6,-89.7,5
1146,39.6,-89.4,3
1147,39.6,-88.8,1
1148,39.6,-87.0,1
1149,39.6,-86.7,1
1150,39.6,-86.1,1
1151,39.6,-85.5,1
1152,39.6,-84.6,4
1153,39.6,-84.3,2
1154,39.6,-84.0,1
1155,39.6,-83.7,1
1156,39.6,-83.1,1
1157,39.6,-82.8,1
1158,39.6,-82.5,4
1159,39.6,-82.2,4
1160,39.6,-81.6,2
1161,39.6,-81.3,2
1162,39.6,-81.0,2
1163,39.6,-80.7,1
1164,39.6,-80.4,1
1165,39.6,-80.1,1
1166,39.6,-79.8,1
1167,39.6,-79.5,1
1168,39.6,-78.6,1
1169,39.6,-78.3,1
1170,39.6,-78.0,2
1171,39.6,-76.8,1
1172,39.6,-76.2,2
1173,39.6,-75.9,1
1174,39.6,-75.6,1
1175,39.6,-75.3,1
1176,39.6,-74.7,2
1177,39.6,-74.4,2
1178,39.9,-123.3,1
1179,39.9,-123.0,1
1180,39.9,-122.1,1
1181,39.9,-120.9,1
1182,39.9,-111.6,1
1183,39.9,-111.0,1
1184,39.9,-107.4,1
1185,39.9,-106.8,1
1186,39.9,-106.2,1
1187,39.9,-105.3,2
1188,39.9,-94.8,1
1189,39.9,-94.5,1
1190,39.9,-93.0,1
1191,39.9,-91.8,1
1192,39.9,-90.9,1
1193,39.9,-90.0,3
1194,39.9,-89.7,3
1195,39.9,-89.4,2
1196,39.9,-89.1,1
1197,39.9,-88.8,1
1198,39.9,-88.5,2
1199,39.9,-88.2,1
1200,39.9,-87.3,1
1201,39.9,-87.0,1
1202,39.9,-86.1,1
1203,39.9,-85.2,1
1204,39.9,-84.3,2
1205,39.9,-84.0,6
1206,39.9,-83.7,3
1207,39.9,-83.4,1
1208,39.9,-83.1,1
1209,39.9,-82.8,1
1210,39.9,-82.2,3
1211,39.9,-81.9,1
1212,39.9,-81.6,1
1213,39.9,-81.3,4
1214,39.9,-81.0,2
1215,39.9,-80.4,1
1216,39.9,-79.8,1
1217,39.9,-77.4,1
1218,39.9,-74.7,1
1219,39.9,-74.4,3
1220,40.2,-124.2,2
1221,40.2,-123.9,2
1222,40.2,-123.6,1
1223,40.2,-123.3,1
1224,40.2,-121.8,1
1225,40.2,-111.6,3
1226,40.2,-108.0,1
1227,40.2,-105.9,1
1228,40.2,-105.6,1
1229,40.2,-105.3,1
1230,40.2,-96.6,1
1231,40.2,-90.6,3
1232,40.2,-89.4,1
1233,40.2,-88.8,1
1234,40.2,-88.2,1
1235,40.2,-87.6,2
1236,40.2,-86.1,1
1237,40.2,-84.3,1
1238,40.2,-83.1,3
1239,40.2,-82.2,2
1240,40.2,-81.9,2
1241,40.2,-81.6,12
1242,40.2,-81.3,1
1243,40.2,-81.0,1
1244,40.2,-80.7,4
1245,40.2,-79.8,1
1246,40.2,-79.5,1
1247,40.2,-79.2,1
1248,40.2,-75.0,1
1249,40.2,-74.7,2
1250,40.2,-74.1,1
1251,40.5,-123.9,2
1252,40.5,-122.7,2
1253,40.5,-122.4,1
1254,40.5,-121.8,3
1255,40.5,-120.6,1
1256,40.5,-118.2,1
1257,40.5,-112.2,1
1258,40.5,-111.6,3
1259,40.5,-110.7,2
1260,40.5,-110.4,1
1261,40.5,-109.8,1
1262,40.5,-108.6,1
1263,40.5,-106.8,3
1264,40.5,-105.9,1
1265,40.5,-105.3,1
1266,40.5,-97.2,1
1267,40.5,-93.9,2
1268,40.5,-93.6,1
1269,40.5,-91.5,2
1270,40.5,-90.9,4
1271,40.5,-90.3,3
1272,40.5,-90.0,6
1273,40.5,-89.7,1
1274,40.5,-87.0,1
1275,40.5,-85.8,1
1276,40.5,-83.7,1
1277,40.5,-83.4,1
1278,40.5,-82.8,5
1279,40.5,-82.5,1
1280,40.5,-82.2,7
1281,40.5,-81.9,1
1282,40.5,-81.6,1
1283,40.5,-81.3,6
1284,40.5,-81.0,2
1285,40.5,-80.7,4
1286,40.5,-80.4,2
1287,40.5,-80.1,2
1288,40.5,-79.8,4
1289,40.5,-77.7,1
1290,40.5,-75.3,1
1291,40.5,-75.0,1
1292,40.5,-74.7,1
1293,40.5,-74.4,1
1294,40.8,-124.2,1
1295,40.8,-123.6,3
1296,40.8,-123.3,1
1297,40.8,-122.7,3
1298,40.8,-122.4,3
1299,40.8,-122.1,3
1300,40.8,-121.8,1
1301,40.8,-121.5,1
1302,40.8,-111.9,1
1303,40.8,-111.6,1
1304,40.8,-111.0,2
1305,40.8,-110.7,1
1306,40.8,-110.1,1
1307,40.8,-109.8,2
1308,40.8,-109.5,2
1309,40.8,-105.9,1
1310,40.8,-105.6,1
1311,40.8,-96.6,1
1312,40.8,-93.9,2
1313,40.8,-91.2,1
1314,40.8,-90.9,2
1315,40.8,-90.3,1
1316,40.8,-89.7,4
1317,40.8,-89.4,1
1318,40.8,-89.1,1
1319,40.8,-88.5,1
1320,40.8,-85.5,3
1321,40.8,-84.0,3
1322,40.8,-82.5,2
1323,40.8,-82.2,2
1324,40.8,-81.6,1
1325,40.8,-81.3,9
1326,40.8,-81.0,1
1327,40.8,-80.7,11
1328,40.8,-80.1,1
1329,40.8,-78.6,1
1330,40.8,-75.0,2
1331,40.8,-74.7,2
1332,40.8,-74.4,4
1333,41.1,-124.2,1
1334,41.1,-123.9,1
1335,41.1,-123.6,1
1336,41.1,-123.3,1
1337,41.1,-123.0,1
1338,41.1,-122.7,2
1339,41.1,-122.4,1
1340,41.1,-111.9,1
1341,41.1,-110.4,1
1342,41.1,-96.3,1
1343,41.1,-96.0,2
1344,41.1,-92.7,1
1345,41.1,-91.8,1
1346,41.1,-90.3,2
1347,41.1,-89.4,2
1348,41.1,-87.9,1
1349,41.1,-87.6,1
1350,41.1,-87.0,1
1351,41.1,-86.7,1
1352,41.1,-83.4,1
1353,41.1,-82.5,3
1354,41.1,-82.2,2
1355,41.1,-81.9,7
1356,41.1,-81.6,4
1357,41.1,-81.3,8
1358,41.1,-81.0,9
1359,41.1,-80.7,2
1360,41.1,-80.4,3
1361,41.1,-80.1,2
1362,41.1,-78.6,1
1363,41.1,-78.3,2
1364,41.1,-75.3,1
1365,41.1,-74.7,5
1366,41.1,-74.4,6
1367,41.1,-74.1,2
1368,41.4,-124.2,2
1369,41.4,-123.6,2
1370,41.4,-123.3,1
1371,41.4,-123.0,2
1372,41.4,-122.4,2
1373,41.4,-120.6,2
1374,41.4,-111.6,5
1375,41.4,-111.0,1
1376,41.4,-96.0,1
1377,41.4,-93.9,1
1378,41.4,-93.0,1
1379,41.4,-91.8,1
1380,41.4,-90.0,1
1381,41.4,-89.1,2
1382,41.4,-88.8,5
1383,41.4,-88.5,6
1384,41.4,-88.2,1
1385,41.4,-87.9,2
1386,41.4,-87.6,3
1387,41.4,-85.8,1
1388,41.4,-84.6,1
1389,41.4,-84.3,1
1390,41.4,-83.1,1
1391,41.4,-82.8,1
1392,41.4,-82.2,3
1393,41.4,-81.6,5
1394,41.4,-81.3,8
1395,41.4,-81.0,3
1396,41.4,-80.7,1
1397,41.4,-79.2,1
1398,41.4,-78.9,1
1399,41.4,-78.3,1
1400,41.4,-78.0,1
1401,41.4,-76.8,1
1402,41.4,-75.6,1
1403,41.4,-75.3,1
1404,41.4,-74.7,4
1405,41.4,-73.8,2
1406,41.4,-73.5,1
1407,41.4,-73.2,1
1408,41.4,-72.6,1
1409,41.4,-72.3,1
1410,41.4,-72.0,1
1411,41.4,-71.7,2
1412,41.4,-71.4,1
1413,41.7,-124.2,2
1414,41.7,-123.9,1
1415,41.7,-123.3,5
1416,41.7,-123.0,1
1417,41.7,-122.7,2
1418,41.7,-120.3,1
1419,41.7,-111.9,1
1420,41.7,-111.6,1
1421,41.7,-98.1,1
1422,41.7,-93.9,1
1423,41.7,-93.6,1
1424,41.7,-91.5,2
1425,41.7,-90.6,2
1426,41.7,-90.3,2
1427,41.7,-90.0,2
1428,41.7,-89.7,2
1429,41.7,-88.5,2
1430,41.7,-87.9,8
1431,41.7,-86.1,1
1432,41.7,-85.8,1
1433,41.7,-84.6,2
1434,41.7,-84.3,1
1435,41.7,-81.3,2
1436,41.7,-81.0,5
1437,41.7,-80.7,2
1438,41.7,-80.4,1
1439,41.7,-78.9,1
1440,41.7,-78.0,2
1441,41.7,-77.7,1
1442,41.7,-75.9,1
1443,41.7,-74.1,1
1444,41.7,-73.5,2
1445,41.7,-71.7,1
1446,41.7,-71.1,2
1447,41.7,-70.8,1
1448,41.7,-70.5,1
1449,42.0,-124.2,2
1450,42.0,-123.9,1
1451,42.0,-123.3,5
1452,42.0,-122.7,1
1453,42.0,-112.2,1
1454,42.0,-111.6,1
1455,42.0,-94.5,1
1456,42.0,-93.9,2
1457,42.0,-89.4,3
1458,42.0,-88.5,1
1459,42.0,-88.2,2
1460,42.0,-87.9,1
1461,42.0,-86.4,1
1462,42.0,-84.9,1
1463,42.0,-84.3,3
1464,42.0,-83.4,1
1465,42.0,-81.0,1
1466,42.0,-80.4,1
1467,42.0,-78.6,2
1468,42.0,-78.0,1
1469,42.0,-75.6,1
1470,42.0,-75.3,1
1471,42.0,-73.8,2
1472,42.0,-73.5,3
1473,42.0,-72.9,3
1474,42.0,-71.7,3
1475,42.0,-71.4,1
1476,42.0,-71.1,2
1477,42.3,-124.5,1
1478,42.3,-124.2,1
1479,42.3,-123.6,5
1480,42.3,-123.3,3
1481,42.3,-122.1,1
1482,42.3,-121.8,1
1483,42.3,-121.5,1
1484,42.3,-114.3,1
1485,42.3,-111.6,1
1486,42.3,-94.8,1
1487,42.3,-91.8,1
1488,42.3,-90.6,1
1489,42.3,-90.0,1
1490,42.3,-89.1,1
1491,42.3,-88.2,4
1492,42.3,-86.4,1
1493,42.3,-85.8,1
1494,42.3,-85.5,1
1495,42.3,-85.2,1
1496,42.3,-84.6,2
1497,42.3,-84.3,1
1498,42.3,-84.0,2
1499,42.3,-83.7,5
1500,42.3,-78.9,1
1501,42.3,-78.0,1
1502,42.3,-77.7,1
1503,42.3,-76.2,1
1504,42.3,-75.3,1
1505,42.3,-75.0,1
1506,42.3,-73.2,1
1507,42.3,-70.8,1
1508,42.6,-123.9,1
1509,42.6,-123.3,1
1510,42.6,-122.4,2
1511,42.6,-111.0,3
1512,42.6,-110.7,1
1513,42.6,-103.5,1
1514,42.6,-102.9,2
1515,42.6,-96.6,2
1516,42.6,-96.3,1
1517,42.6,-94.2,2
1518,42.6,-93.9,1
1519,42.6,-93.3,1
1520,42.6,-90.9,2
1521,42.6,-87.6,1
1522,42.6,-86.1,1
1523,42.6,-84.0,1
1524,42.6,-77.4,2
1525,42.6,-75.0,1
1526,42.6,-73.2,2
1527,42.6,-72.9,1
1528,42.6,-72.0,1
1529,42.6,-71.7,1
1530,42.9,-124.5,2
1531,42.9,-122.1,1
1532,42.9,-116.4,1
1533,42.9,-108.9,1
1534,42.9,-100.5,1
1535,42.9,-98.1,1
1536,42.9,-94.5,2
1537,42.9,-91.8,1
1538,42.9,-91.2,1
1539,42.9,-90.3,1
1540,42.9,-89.7,2
1541,42.9,-88.5,1
1542,42.9,-87.9,1
1543,42.9,-86.1,1
1544,42.9,-81.6,1
1545,42.9,-72.6,1
1546,42.9,-71.7,1
1547,43.2,-124.5,1
1548,43.2,-124.2,1
1549,43.2,-123.6,2
1550,43.2,-123.3,2
1551,43.2,-122.7,1
1552,43.2,-122.4,1
1553,43.2,-122.1,2
1554,43.2,-92.7,1
1555,43.2,-92.1,1
1556,43.2,-91.5,1
1557,43.2,-90.6,1
1558,43.2,-90.3,2
1559,43.2,-89.4,1
1560,43.2,-88.2,2
1561,43.2,-86.1,1
1562,43.2,-85.8,1
1563,43.2,-85.5,2
1564,43.2,-85.2,2
1565,43.2,-84.9,2
1566,43.2,-82.5,1
1567,43.2,-78.6,1
1568,43.2,-78.3,4
1569,43.2,-77.7,1
1570,43.2,-76.8,1
1571,43.2,-75.6,1
1572,43.2,-74.4,2
1573,43.2,-74.1,1
1574,43.2,-73.8,1
1575,43.2,-73.2,1
1576,43.2,-71.4,2
1577,43.2,-70.8,1
1578,43.5,-123.9,1
1579,43.5,-123.6,1
1580,43.5,-123.3,1
1581,43.5,-123.0,1
1582,43.5,-122.1,3
1583,43.5,-121.8,2
1584,43.5,-114.9,1
1585,43.5,-111.9,1
1586,43.5,-111.3,1
1587,43.5,-102.3,1
1588,43.5,-101.7,1
1589,43.5,-99.3,1
1590,43.5,-95.1,1
1591,43.5,-88.8,1
1592,43.5,-86.4,3
1593,43.5,-85.2,3
1594,43.5,-84.6,1
1595,43.5,-84.3,1
1596,43.5,-83.1,1
1597,43.5,-75.6,1
1598,43.5,-74.7,1
1599,43.5,-74.1,1
1600,43.5,-73.8,1
1601,43.5,-73.5,1
1602,43.5,-73.2,1
1603,43.5,-72.6,1
1604,43.5,-72.3,2
1605,43.8,-124.2,1
1606,43.8,-123.9,1
1607,43.8,-123.6,1
1608,43.8,-123.3,1
1609,43.8,-122.7,1
1610,43.8,-122.4,1
1611,43.8,-122.1,1
1612,43.8,-121.8,1
1613,43.8,-121.5,3
1614,43.8,-118.8,1
1615,43.8,-113.7,1
1616,43.8,-103.5,1
1617,43.8,-92.4,2
1618,43.8,-89.7,1
1619,43.8,-89.1,1
1620,43.8,-87.9,1
1621,43.8,-86.4,2
1622,43.8,-85.2,1
1623,43.8,-84.6,1
1624,43.8,-84.3,3
1625,43.8,-84.0,1
1626,43.8,-83.4,1
1627,43.8,-74.1,1
1628,43.8,-73.5,3
1629,43.8,-70.5,1
1630,44.1,-123.9,1
1631,44.1,-123.3,1
1632,44.1,-123.0,1
1633,44.1,-122.1,2
1634,44.1,-121.8,1
1635,44.1,-121.5,2
1636,44.1,-121.2,1
1637,44.1,-120.3,1
1638,44.1,-115.2,1
1639,44.1,-114.9,1
1640,44.1,-112.5,1
1641,44.1,-91.2,1
1642,44.1,-86.4,1
1643,44.1,-86.1,2
1644,44.1,-85.8,1
1645,44.1,-85.5,1
1646,44.1,-85.2,1
1647,44.1,-84.6,2
1648,44.1,-84.0,1
1649,44.1,-73.8,1
1650,44.4,-123.6,1
1651,44.4,-122.1,3
1652,44.4,-121.8,1
1653,44.4,-118.8,1
1654,44.4,-118.5,1
1655,44.4,-115.8,2
1656,44.4,-115.5,1
1657,44.4,-114.9,1
1658,44.4,-112.5,1
1659,44.4,-112.2,1
1660,44.4,-110.1,1
1661,44.4,-109.8,2
1662,44.4,-109.5,2
1663,44.4,-104.1,1
1664,44.4,-103.5,1
1665,44.4,-91.2,1
1666,44.4,-90.6,2
1667,44.4,-89.7,2
1668,44.4,-86.1,1
1669,44.4,-85.8,4
1670,44.4,-85.5,1
1671,44.4,-85.2,1
1672,44.4,-84.9,1
1673,44.4,-84.6,3
1674,44.4,-84.3,3
1675,44.4,-84.0,5
1676,44.4,-74.1,1
1677,44.7,-123.6,1
1678,44.7,-123.3,3
1679,44.7,-122.7,2
1680,44.7,-122.1,2
1681,44.7,-121.8,1
1682,44.7,-121.5,1
1683,44.7,-121.2,1
1684,44.7,-120.6,1
1685,44.7,-118.8,1
1686,44.7,-118.5,1
1687,44.7,-118.2,1
1688,44.7,-116.1,1
1689,44.7,-115.8,1
1690,44.7,-110.4,1
1691,44.7,-92.1,1
1692,44.7,-90.0,1
1693,44.7,-88.5,1
1694,44.7,-87.6,1
1695,44.7,-86.1,2
1696,44.7,-85.8,4
1697,44.7,-85.5,2
1698,44.7,-84.9,1
1699,44.7,-84.6,2
1700,44.7,-84.0,3
1701,44.7,-83.7,4
1702,44.7,-83.4,1
1703,44.7,-75.6,1
1704,44.7,-73.8,1
1705,44.7,-71.1,1
1706,45.0,-123.9,2
1707,45.0,-123.6,5
1708,45.0,-123.3,1
1709,45.0,-122.7,4
1710,45.0,-122.4,6
1711,45.0,-122.1,3
1712,45.0,-118.5,1
1713,45.0,-117.3,1
1714,45.0,-116.4,2
1715,45.0,-116.1,1
1716,45.0,-115.8,2
1717,45.0,-114.6,1
1718,45.0,-111.6,1
1719,45.0,-106.8,1
1720,45.0,-92.4,1
1721,45.0,-90.0,1
1722,45.0,-89.1,1
1723,45.0,-88.5,1
1724,45.0,-87.6,3
1725,45.0,-84.9,1
1726,45.0,-84.3,2
1727,45.0,-84.0,1
1728,45.0,-83.7,1
1729,45.0,-83.4,1
1730,45.0,-71.1,1
1731,45.3,-122.4,4
1732,45.3,-122.1,2
1733,45.3,-121.8,6
1734,45.3,-121.5,4
1735,45.3,-118.5,1
1736,45.3,-118.2,1
1737,45.3,-117.6,1
1738,45.3,-115.8,1
1739,45.3,-113.1,1
1740,45.3,-111.0,1
1741,45.3,-109.5,1
1742,45.3,-93.0,1
1743,45.3,-92.7,1
1744,45.3,-89.7,1
1745,45.3,-88.2,2
1746,45.3,-87.9,1
1747,45.3,-85.2,1
1748,45.3,-84.6,1
1749,45.3,-84.3,2
1750,45.3,-84.0,1
1751,45.3,-83.4,1
1752,45.6,-123.6,4
1753,45.6,-123.3,4
1754,45.6,-123.0,3
1755,45.6,-122.4,3
1756,45.6,-122.1,8
1757,45.6,-121.8,6
1758,45.6,-121.5,1
1759,45.6,-118.8,2
1760,45.6,-118.5,5
1761,45.6,-110.7,1
1762,45.6,-91.8,2
1763,45.6,-91.5,1
1764,45.6,-90.3,2
1765,45.6,-90.0,1
1766,45.6,-89.1,1
1767,45.6,-88.8,1
1768,45.6,-88.2,1
1769,45.6,-87.9,2
1770,45.6,-87.0,1
1771,45.9,-123.9,2
1772,45.9,-123.6,2
1773,45.9,-123.3,2
1774,45.9,-122.7,1
1775,45.9,-122.4,5
1776,45.9,-122.1,1
1777,45.9,-121.8,9
1778,45.9,-121.5,5
1779,45.9,-121.2,2
1780,45.9,-120.9,1
1781,45.9,-119.7,1
1782,45.9,-118.2,4
1783,45.9,-117.9,3
1784,45.9,-117.0,1
1785,45.9,-114.0,1
1786,45.9,-113.1,1
1787,45.9,-112.5,1
1788,45.9,-111.3,1
1789,45.9,-110.4,1
1790,45.9,-94.8,1
1791,45.9,-93.0,1
1792,45.9,-92.7,1
1793,45.9,-91.8,1
1794,45.9,-90.6,3
1795,45.9,-90.3,1
1796,45.9,-89.7,4
1797,45.9,-89.1,1
1798,45.9,-88.5,1
1799,45.9,-87.9,1
1800,45.9,-87.3,2
1801,45.9,-87.0,1
1802,45.9,-86.7,1
1803,45.9,-86.1,2
1804,45.9,-84.9,1
1805,46.2,-167.1,1
1806,46.2,-141.0,1
1807,46.2,-123.9,3
1808,46.2,-123.6,1
1809,46.2,-123.3,1
1810,46.2,-123.0,1
1811,46.2,-122.7,1
1812,46.2,-122.4,3
1813,46.2,-122.1,8
1814,46.2,-121.8,10
1815,46.2,-121.5,2
1816,46.2,-121.2,1
1817,46.2,-120.9,1
1818,46.2,-119.4,1
1819,46.2,-118.2,2
1820,46.2,-117.9,1
1821,46.2,-117.6,1
1822,46.2,-115.2,1
1823,46.2,-113.7,1
1824,46.2,-113.1,1
1825,46.2,-112.5,1
1826,46.2,-92.4,1
1827,46.2,-91.5,1
1828,46.2,-91.2,1
1829,46.2,-90.0,2
1830,46.2,-89.4,2
1831,46.2,-88.8,1
1832,46.2,-88.5,1
1833,46.2,-87.6,1
1834,46.2,-87.3,1
1835,46.2,-86.7,1
1836,46.2,-86.4,1
1837,46.2,-86.1,3
1838,46.2,-68.7,1
1839,46.5,-123.9,1
1840,46.5,-123.6,2
1841,46.5,-123.3,2
1842,46.5,-123.0,4
1843,46.5,-122.7,6
1844,46.5,-122.4,11
1845,46.5,-122.1,5
1846,46.5,-121.8,2
1847,46.5,-121.5,2
1848,46.5,-121.2,3
1849,46.5,-120.3,1
1850,46.5,-117.9,2
1851,46.5,-113.7,1
1852,46.5,-111.3,1
1853,46.5,-110.7,1
1854,46.5,-95.1,1
1855,46.5,-92.7,2
1856,46.5,-91.2,2
1857,46.5,-90.9,1
1858,46.5,-88.2,2
1859,46.5,-87.6,3
1860,46.5,-87.3,1
1861,46.5,-87.0,1
1862,46.5,-86.4,1
1863,46.5,-85.5,2
1864,46.5,-84.9,1
1865,46.8,-124.2,2
1866,46.8,-123.9,3
1867,46.8,-123.6,1
1868,46.8,-123.3,2
1869,46.8,-123.0,1
1870,46.8,-122.7,6
1871,46.8,-122.4,10
1872,46.8,-122.1,10
1873,46.8,-121.8,2
1874,46.8,-121.5,7
1875,46.8,-121.2,8
1876,46.8,-120.6,1
1877,46.8,-116.7,1
1878,46.8,-115.5,1
1879,46.8,-114.0,1
1880,46.8,-112.8,1
1881,46.8,-111.9,1
1882,46.8,-110.7,1
1883,46.8,-110.4,2
1884,46.8,-94.8,2
1885,46.8,-93.9,1
1886,46.8,-92.4,1
1887,46.8,-90.9,1
1888,46.8,-89.4,1
1889,46.8,-85.5,1
1890,47.1,-124.2,5
1891,47.1,-123.9,4
1892,47.1,-123.6,5
1893,47.1,-123.3,4
1894,47.1,-123.0,3
1895,47.1,-122.7,9
1896,47.1,-122.4,13
1897,47.1,-122.1,12
1898,47.1,-121.8,6
1899,47.1,-121.5,11
1900,47.1,-121.2,2
1901,47.1,-120.9,3
1902,47.1,-120.3,1
1903,47.1,-116.4,1
1904,47.1,-114.0,3
1905,47.1,-113.7,1
1906,47.1,-112.8,1
1907,47.1,-112.5,1
1908,47.1,-111.9,3
1909,47.1,-94.8,1
1910,47.1,-88.2,1
1911,47.4,-124.2,1
1912,47.4,-123.9,6
1913,47.4,-123.6,1
1914,47.4,-123.3,9
1915,47.4,-123.0,4
1916,47.4,-122.7,4
1917,47.4,-122.4,4
1918,47.4,-122.1,7
1919,47.4,-121.8,7
1920,47.4,-121.5,7
1921,47.4,-121.2,5
1922,47.4,-120.9,3
1923,47.4,-120.6,1
1924,47.4,-120.3,4
1925,47.4,-116.1,1
1926,47.4,-95.1,2
1927,47.4,-94.8,1
1928,47.4,-94.5,2
1929,47.4,-94.2,1
1930,47.4,-93.9,1
1931,47.4,-93.3,2
1932,47.4,-93.0,2
1933,47.4,-92.7,2
1934,47.4,-92.1,1
1935,47.7,-144.0,1
1936,47.7,-124.2,3
1937,47.7,-123.3,3
1938,47.7,-123.0,6
1939,47.7,-122.7,2
1940,47.7,-122.4,6
1941,47.7,-122.1,7
1942,47.7,-121.8,4
1943,47.7,-121.5,1
1944,47.7,-121.2,6
1945,47.7,-120.9,2
1946,47.7,-120.6,5
1947,47.7,-117.3,2
1948,47.7,-117.0,1
1949,47.7,-116.1,1
1950,47.7,-115.5,1
1951,47.7,-113.7,1
1952,47.7,-108.6,1
1953,47.7,-104.1,1
1954,47.7,-102.6,2
1955,47.7,-102.0,1
1956,47.7,-94.2,1
1957,47.7,-93.9,1
1958,47.7,-92.4,1
1959,48.0,-124.5,1
1960,48.0,-123.9,3
1961,48.0,-123.6,5
1962,48.0,-123.3,3
1963,48.0,-123.0,3
1964,48.0,-122.7,2
1965,48.0,-122.4,1
1966,48.0,-122.1,8
1967,48.0,-121.8,11
1968,48.0,-121.5,10
1969,48.0,-119.1,1
1970,48.0,-117.6,2
1971,48.0,-117.0,1
1972,48.0,-116.7,2
1973,48.0,-116.1,1
1974,48.0,-105.9,1
1975,48.0,-95.1,1
1976,48.0,-92.4,2
1977,48.0,-90.6,1
1978,48.3,-124.8,2
1979,48.3,-122.7,2
1980,48.3,-122.4,3
1981,48.3,-122.1,3
1982,48.3,-121.8,6
1983,48.3,-121.5,1
1984,48.3,-121.2,2
1985,48.3,-120.9,2
1986,48.3,-120.6,1
1987,48.3,-120.0,2
1988,48.3,-119.7,1
1989,48.3,-119.1,4
1990,48.3,-117.9,1
1991,48.3,-117.0,2
1992,48.3,-116.7,1
1993,48.3,-116.1,3
1994,48.3,-115.5,1
1995,48.3,-113.1,1
1996,48.3,-101.4,1
1997,48.3,-92.1,1
1998,48.6,-122.4,1
1999,48.6,-121.8,2
2000,48.6,-121.5,2
2001,48.6,-121.2,1
2002,48.6,-120.9,2
2003,48.6,-120.6,2
2004,48.6,-120.3,2
2005,48.6,-120.0,1
2006,48.6,-119.7,3
2007,48.6,-119.1,2
2008,48.6,-118.5,3
2009,48.6,-117.9,1
2010,48.6,-117.6,1
2011,48.6,-117.3,2
2012,48.6,-117.0,1
2013,48.6,-116.7,1
2014,48.6,-116.4,1
2015,48.6,-113.7,1
2016,48.6,-96.3,1
2017,48.9,-122.4,1
2018,48.9,-122.1,6
2019,48.9,-121.8,2
2020,48.9,-120.6,1
2021,48.9,-119.7,3
2022,48.9,-119.4,1
2023,48.9,-118.5,3
2024,48.9,-117.9,1
2025,48.9,-117.6,1
2026,48.9,-117.3,4
2027,48.9,-96.0,1
2028,55.2,-132.9,2
2029,55.5,-132.6,1
2030,57.9,-156.0,1
2031,61.2,-149.7,2
2032,61.5,-142.8,1
2033,62.7,-141.3,1
2034,63.0,-141.6,1
2035,63.9,-142.8,1
2036,64.8,-147.9,1
